INSERT INTO PUBLIC.AD_CONTENT (AD_CONTENT_ID, CLICKTRACKERS, LINK_URL, TITLE) VALUES (1, null, 'http://rtb-asiamax.tenmax.io/bid/click/1493219030899/8e870f90-2a91-11e7-a179-b11ae6f0b6dd/5277/7683/?optInfo=xlKYhsssanNIeGQ&sUrl=http%3A%2F%2Fssp.tenmax.io%2Fauction%2Fwinner%2Ftracking%2Fclk%3Fb%3D8e870f90-2a91-11e7-a179-b11ae6f0b6dd%26i%3D0%26id%3Ddb0efe1b-8522-45f8-a460-86bf42e3e3b8%26adurl%3D&rUrl=https%3A%2F%2Fad.doubleclick.net%2Fddm%2Ftrackclk%2FN6264.1918119POPIN%2FB11221190.150885012%3Bdc_trk_aid%3D321467570%3Bdc_trk_cid%3D81805720%3Bdc_lat%3D%3Bdc_rdid%3D%3Btag_for_child_directed_treatment%3D', '與媽咪一起喝杯咖啡吧!');
INSERT INTO PUBLIC.AD_CONTENT (AD_CONTENT_ID, CLICKTRACKERS, LINK_URL, TITLE) VALUES (2, null, 'http://rtb-asiamax.tenmax.io/bid/click/1493219033644/903a3dd0-2a91-11e7-a179-b11ae6f0b6dd/5277/7685/?optInfo=xlKYhsssanNIeGQ&sUrl=http%3A%2F%2Fssp.tenmax.io%2Fauction%2Fwinner%2Ftracking%2Fclk%3Fb%3D903a3dd0-2a91-11e7-a179-b11ae6f0b6dd%26i%3D0%26id%3Ddb0efe1b-8522-45f8-a460-86bf42e3e3b8%26adurl%3D&rUrl=https%3A%2F%2Fad.doubleclick.net%2Fddm%2Ftrackclk%2FN6264.1918119POPIN%2FB11221190.150885012%3Bdc_trk_aid%3D321467570%3Bdc_trk_cid%3D81805720%3Bdc_lat%3D%3Bdc_rdid%3D%3Btag_for_child_directed_treatment%3D', '【再忙也要和媽媽喝杯咖啡】');
INSERT INTO PUBLIC.AD_CONTENT (AD_CONTENT_ID, CLICKTRACKERS, LINK_URL, TITLE) VALUES (3, null, 'http://rtb-asiamax.tenmax.io/bid/click/1493219042178/954fa9e0-2a91-11e7-a179-b11ae6f0b6dd/5169/7510/?optInfo=xlKYhYUH-M5t2w&sUrl=http%3A%2F%2Fssp.tenmax.io%2Fauction%2Fwinner%2Ftracking%2Fclk%3Fb%3D954fa9e0-2a91-11e7-a179-b11ae6f0b6dd%26i%3D0%26id%3Ddb0efe1b-8522-45f8-a460-86bf42e3e3b8%26adurl%3D&rUrl=https%3A%2F%2Fwww.clubmed.com.tw%2Fl%2Ftype3%3FCMCID%3DDY3796828542402%26utm_source%3Dtenmax%26utm_medium%3Ddisplay%26utm_campaign%3Dpromotion_clubmed_ebbi_201703%26utm_content%3Dallsite_network-pcmobile_travel%26utm_term%3D', '2017年暑假新玩法！一次假期享受兩種絕佳體驗！');
INSERT INTO PUBLIC.AD_CONTENT (AD_CONTENT_ID, CLICKTRACKERS, LINK_URL, TITLE) VALUES (4, null, 'http://rtb-asiamax.tenmax.io/bid/click/1493219045831/977e22a0-2a91-11e7-a179-b11ae6f0b6dd/5278/7690/?optInfo=xlKYhYPaOTz4&sUrl=http%3A%2F%2Fssp.tenmax.io%2Fauction%2Fwinner%2Ftracking%2Fclk%3Fb%3D977e22a0-2a91-11e7-a179-b11ae6f0b6dd%26i%3D0%26id%3Ddb0efe1b-8522-45f8-a460-86bf42e3e3b8%26adurl%3D&rUrl=http%3A%2F%2Fsinko1203.pixnet.net%2Fblog%2Fpost%2F458358902', '諸事不順之謎???');
INSERT INTO PUBLIC.AD_CONTENT (AD_CONTENT_ID, CLICKTRACKERS, LINK_URL, TITLE) VALUES (5, null, 'http://rtb-asiamax.tenmax.io/bid/click/1493219046084/97a3fa21-2a91-11e7-a179-b11ae6f0b6dd/5273/7673/?optInfo=xlKYg0A6C3ru_w&sUrl=http%3A%2F%2Fssp.tenmax.io%2Fauction%2Fwinner%2Ftracking%2Fclk%3Fb%3D97a3fa21-2a91-11e7-a179-b11ae6f0b6dd%26i%3D0%26id%3Ddb0efe1b-8522-45f8-a460-86bf42e3e3b8%26adurl%3D&rUrl=http%3A%2F%2Fnews.tvbs.com.tw%2Flife%2F721352', '風靡百年！美國家庭的早餐活力來源就是它！');
INSERT INTO PUBLIC.AD_CONTENT (AD_CONTENT_ID, CLICKTRACKERS, LINK_URL, TITLE) VALUES (6, null, 'http://rtb-asiamax.tenmax.io/bid/click/1493219048079/98d463d0-2a91-11e7-a179-b11ae6f0b6dd/5239/7592/?optInfo=xlKYg0LvFmbd-Q&sUrl=http%3A%2F%2Fssp.tenmax.io%2Fauction%2Fwinner%2Ftracking%2Fclk%3Fb%3D98d463d0-2a91-11e7-a179-b11ae6f0b6dd%26i%3D0%26id%3Ddb0efe1b-8522-45f8-a460-86bf42e3e3b8%26adurl%3D&rUrl=https%3A%2F%2Fwww.youtube.com%2Fwatch%3Fv%3DEydiT0rAarM%26t%3D200s', '未演先轟動！地表最強老爸再＋1，父愛超越想像➩');
INSERT INTO PUBLIC.AD_CONTENT (AD_CONTENT_ID, CLICKTRACKERS, LINK_URL, TITLE) VALUES (7, null, 'http://rtb-asiamax.tenmax.io/bid/click/1493219060397/a02c6ce0-2a91-11e7-a179-b11ae6f0b6dd/5290/7712/?optInfo=xlKYg0A6C3ru_w&sUrl=http%3A%2F%2Fssp.tenmax.io%2Fauction%2Fwinner%2Ftracking%2Fclk%3Fb%3Da02c6ce0-2a91-11e7-a179-b11ae6f0b6dd%26i%3D0%26id%3Ddb0efe1b-8522-45f8-a460-86bf42e3e3b8%26adurl%3D&rUrl=http%3A%2F%2Fevent.7to.com.tw%2F17tigermc2%2F', '【台灣虎航台北/台中/高雄－2人8折 , 3人7折】');

INSERT INTO PUBLIC.AD_CONTENT_ASSET (DATA_LABEL, DATA_VALUE, IMAGE_HEIGHT, IMAGE_URL, IMAGE_WIDTH, CLICKTRACKERS, LINK_URL, DATA_NULLOR_DATA_VALUE_NULL, IMG_NULLOR_IMG_URL_NULL, LINK_NULLOR_LINK_URL_NULL, TITLE_TEXT, AD_CONTENT_ID) VALUES (null, '寵愛媽咪必備組合特惠價$5160', null, null, null, null, null, false, true, true, null, 1);
INSERT INTO PUBLIC.AD_CONTENT_ASSET (DATA_LABEL, DATA_VALUE, IMAGE_HEIGHT, IMAGE_URL, IMAGE_WIDTH, CLICKTRACKERS, LINK_URL, DATA_NULLOR_DATA_VALUE_NULL, IMG_NULLOR_IMG_URL_NULL, LINK_NULLOR_LINK_URL_NULL, TITLE_TEXT, AD_CONTENT_ID) VALUES (null, 'Nespresso', null, null, null, null, 'https://ad.doubleclick.net/ddm/trackclk/N6264.1918119POPIN/B11221190.150885012;dc_trk_aid=321467570;dc_trk_cid=81805720;dc_lat=;dc_rdid=;tag_for_child_directed_treatment=', false, true, false, null, 1);
INSERT INTO PUBLIC.AD_CONTENT_ASSET (DATA_LABEL, DATA_VALUE, IMAGE_HEIGHT, IMAGE_URL, IMAGE_WIDTH, CLICKTRACKERS, LINK_URL, DATA_NULLOR_DATA_VALUE_NULL, IMG_NULLOR_IMG_URL_NULL, LINK_NULLOR_LINK_URL_NULL, TITLE_TEXT, AD_CONTENT_ID) VALUES (null, null, 627, '//tenmaximg.cacafly.net/upload/7/6/8/3/581b2d01.jpg?v=1', 1200, null, null, true, false, true, null, 1);
INSERT INTO PUBLIC.AD_CONTENT_ASSET (DATA_LABEL, DATA_VALUE, IMAGE_HEIGHT, IMAGE_URL, IMAGE_WIDTH, CLICKTRACKERS, LINK_URL, DATA_NULLOR_DATA_VALUE_NULL, IMG_NULLOR_IMG_URL_NULL, LINK_NULLOR_LINK_URL_NULL, TITLE_TEXT, AD_CONTENT_ID) VALUES (null, null, 150, '//tenmaximg.cacafly.net/upload/7/6/8/3/581b2d01_s.jpg?v=1', 287, null, null, true, false, true, null, 1);
INSERT INTO PUBLIC.AD_CONTENT_ASSET (DATA_LABEL, DATA_VALUE, IMAGE_HEIGHT, IMAGE_URL, IMAGE_WIDTH, CLICKTRACKERS, LINK_URL, DATA_NULLOR_DATA_VALUE_NULL, IMG_NULLOR_IMG_URL_NULL, LINK_NULLOR_LINK_URL_NULL, TITLE_TEXT, AD_CONTENT_ID) VALUES (null, null, 627, '//tenmaximg.cacafly.net/upload/7/6/8/3/581b2d01_icon_l.jpg?v=1', 627, null, null, true, false, true, null, 1);
INSERT INTO PUBLIC.AD_CONTENT_ASSET (DATA_LABEL, DATA_VALUE, IMAGE_HEIGHT, IMAGE_URL, IMAGE_WIDTH, CLICKTRACKERS, LINK_URL, DATA_NULLOR_DATA_VALUE_NULL, IMG_NULLOR_IMG_URL_NULL, LINK_NULLOR_LINK_URL_NULL, TITLE_TEXT, AD_CONTENT_ID) VALUES (null, null, 80, '//tenmaximg.cacafly.net/upload/7/6/8/3/581b2d01_icon_s.jpg?v=1', 80, null, null, true, false, true, null, 1);
INSERT INTO PUBLIC.AD_CONTENT_ASSET (DATA_LABEL, DATA_VALUE, IMAGE_HEIGHT, IMAGE_URL, IMAGE_WIDTH, CLICKTRACKERS, LINK_URL, DATA_NULLOR_DATA_VALUE_NULL, IMG_NULLOR_IMG_URL_NULL, LINK_NULLOR_LINK_URL_NULL, TITLE_TEXT, AD_CONTENT_ID) VALUES (null, null, 250, '//tenmaximg.cacafly.net/upload/7/6/8/3/581b2d01_icon.jpg?v=1', 250, null, null, true, false, true, null, 1);
INSERT INTO PUBLIC.AD_CONTENT_ASSET (DATA_LABEL, DATA_VALUE, IMAGE_HEIGHT, IMAGE_URL, IMAGE_WIDTH, CLICKTRACKERS, LINK_URL, DATA_NULLOR_DATA_VALUE_NULL, IMG_NULLOR_IMG_URL_NULL, LINK_NULLOR_LINK_URL_NULL, TITLE_TEXT, AD_CONTENT_ID) VALUES (null, null, 300, '//tenmaximg.cacafly.net/upload/7/6/8/3/581b2d01_m.jpg?v=1', 574, null, null, true, false, true, null, 1);
INSERT INTO PUBLIC.AD_CONTENT_ASSET (DATA_LABEL, DATA_VALUE, IMAGE_HEIGHT, IMAGE_URL, IMAGE_WIDTH, CLICKTRACKERS, LINK_URL, DATA_NULLOR_DATA_VALUE_NULL, IMG_NULLOR_IMG_URL_NULL, LINK_NULLOR_LINK_URL_NULL, TITLE_TEXT, AD_CONTENT_ID) VALUES ('ctatext', '來試試看!', null, null, null, null, null, false, true, true, null, 1);
INSERT INTO PUBLIC.AD_CONTENT_ASSET (DATA_LABEL, DATA_VALUE, IMAGE_HEIGHT, IMAGE_URL, IMAGE_WIDTH, CLICKTRACKERS, LINK_URL, DATA_NULLOR_DATA_VALUE_NULL, IMG_NULLOR_IMG_URL_NULL, LINK_NULLOR_LINK_URL_NULL, TITLE_TEXT, AD_CONTENT_ID) VALUES (null, '網友狂推的母親節膠囊咖啡機首選', null, null, null, null, null, false, true, true, null, 2);
INSERT INTO PUBLIC.AD_CONTENT_ASSET (DATA_LABEL, DATA_VALUE, IMAGE_HEIGHT, IMAGE_URL, IMAGE_WIDTH, CLICKTRACKERS, LINK_URL, DATA_NULLOR_DATA_VALUE_NULL, IMG_NULLOR_IMG_URL_NULL, LINK_NULLOR_LINK_URL_NULL, TITLE_TEXT, AD_CONTENT_ID) VALUES (null, 'Nespresso', null, null, null, null, 'https://ad.doubleclick.net/ddm/trackclk/N6264.1918119POPIN/B11221190.150885012;dc_trk_aid=321467570;dc_trk_cid=81805720;dc_lat=;dc_rdid=;tag_for_child_directed_treatment=', false, true, false, null, 2);
INSERT INTO PUBLIC.AD_CONTENT_ASSET (DATA_LABEL, DATA_VALUE, IMAGE_HEIGHT, IMAGE_URL, IMAGE_WIDTH, CLICKTRACKERS, LINK_URL, DATA_NULLOR_DATA_VALUE_NULL, IMG_NULLOR_IMG_URL_NULL, LINK_NULLOR_LINK_URL_NULL, TITLE_TEXT, AD_CONTENT_ID) VALUES (null, null, 627, '//tenmaximg.cacafly.net/upload/7/6/8/5/5a97ba00.jpg?v=1', 1200, null, null, true, false, true, null, 2);
INSERT INTO PUBLIC.AD_CONTENT_ASSET (DATA_LABEL, DATA_VALUE, IMAGE_HEIGHT, IMAGE_URL, IMAGE_WIDTH, CLICKTRACKERS, LINK_URL, DATA_NULLOR_DATA_VALUE_NULL, IMG_NULLOR_IMG_URL_NULL, LINK_NULLOR_LINK_URL_NULL, TITLE_TEXT, AD_CONTENT_ID) VALUES (null, null, 150, '//tenmaximg.cacafly.net/upload/7/6/8/5/5a97ba00_s.jpg?v=1', 287, null, null, true, false, true, null, 2);
INSERT INTO PUBLIC.AD_CONTENT_ASSET (DATA_LABEL, DATA_VALUE, IMAGE_HEIGHT, IMAGE_URL, IMAGE_WIDTH, CLICKTRACKERS, LINK_URL, DATA_NULLOR_DATA_VALUE_NULL, IMG_NULLOR_IMG_URL_NULL, LINK_NULLOR_LINK_URL_NULL, TITLE_TEXT, AD_CONTENT_ID) VALUES (null, null, 627, '//tenmaximg.cacafly.net/upload/7/6/8/5/5a97ba00_icon_l.jpg?v=1', 627, null, null, true, false, true, null, 2);
INSERT INTO PUBLIC.AD_CONTENT_ASSET (DATA_LABEL, DATA_VALUE, IMAGE_HEIGHT, IMAGE_URL, IMAGE_WIDTH, CLICKTRACKERS, LINK_URL, DATA_NULLOR_DATA_VALUE_NULL, IMG_NULLOR_IMG_URL_NULL, LINK_NULLOR_LINK_URL_NULL, TITLE_TEXT, AD_CONTENT_ID) VALUES (null, null, 80, '//tenmaximg.cacafly.net/upload/7/6/8/5/5a97ba00_icon_s.jpg?v=1', 80, null, null, true, false, true, null, 2);
INSERT INTO PUBLIC.AD_CONTENT_ASSET (DATA_LABEL, DATA_VALUE, IMAGE_HEIGHT, IMAGE_URL, IMAGE_WIDTH, CLICKTRACKERS, LINK_URL, DATA_NULLOR_DATA_VALUE_NULL, IMG_NULLOR_IMG_URL_NULL, LINK_NULLOR_LINK_URL_NULL, TITLE_TEXT, AD_CONTENT_ID) VALUES (null, null, 250, '//tenmaximg.cacafly.net/upload/7/6/8/5/5a97ba00_icon.jpg?v=1', 250, null, null, true, false, true, null, 2);
INSERT INTO PUBLIC.AD_CONTENT_ASSET (DATA_LABEL, DATA_VALUE, IMAGE_HEIGHT, IMAGE_URL, IMAGE_WIDTH, CLICKTRACKERS, LINK_URL, DATA_NULLOR_DATA_VALUE_NULL, IMG_NULLOR_IMG_URL_NULL, LINK_NULLOR_LINK_URL_NULL, TITLE_TEXT, AD_CONTENT_ID) VALUES (null, null, 300, '//tenmaximg.cacafly.net/upload/7/6/8/5/5a97ba00_m.jpg?v=1', 574, null, null, true, false, true, null, 2);
INSERT INTO PUBLIC.AD_CONTENT_ASSET (DATA_LABEL, DATA_VALUE, IMAGE_HEIGHT, IMAGE_URL, IMAGE_WIDTH, CLICKTRACKERS, LINK_URL, DATA_NULLOR_DATA_VALUE_NULL, IMG_NULLOR_IMG_URL_NULL, LINK_NULLOR_LINK_URL_NULL, TITLE_TEXT, AD_CONTENT_ID) VALUES ('ctatext', '來試試看!', null, null, null, null, null, false, true, true, null, 2);
INSERT INTO PUBLIC.AD_CONTENT_ASSET (DATA_LABEL, DATA_VALUE, IMAGE_HEIGHT, IMAGE_URL, IMAGE_WIDTH, CLICKTRACKERS, LINK_URL, DATA_NULLOR_DATA_VALUE_NULL, IMG_NULLOR_IMG_URL_NULL, LINK_NULLOR_LINK_URL_NULL, TITLE_TEXT, AD_CONTENT_ID) VALUES (null, '今年暑假Club Med推薦您新玩法，在一次假期裡享受兩種不同的度假體驗！在綠地裡、山水間，擁抱大自然並同時感受都會與觀光的人文氣息；珍拉汀灣、桂林、夏季北海道4/30前享訂位優惠！', null, null, null, null, null, false, true, true, null, 6);
INSERT INTO PUBLIC.AD_CONTENT_ASSET (DATA_LABEL, DATA_VALUE, IMAGE_HEIGHT, IMAGE_URL, IMAGE_WIDTH, CLICKTRACKERS, LINK_URL, DATA_NULLOR_DATA_VALUE_NULL, IMG_NULLOR_IMG_URL_NULL, LINK_NULLOR_LINK_URL_NULL, TITLE_TEXT, AD_CONTENT_ID) VALUES (null, 'Clubmed', null, null, null, null, 'https://www.clubmed.com.tw/l/type3?CMCID=DY3796828542402&utm_source=tenmax&utm_medium=display&utm_campaign=promotion_clubmed_ebbi_201703&utm_content=allsite_network-pcmobile_travel&utm_term=', false, true, false, null, 6);
INSERT INTO PUBLIC.AD_CONTENT_ASSET (DATA_LABEL, DATA_VALUE, IMAGE_HEIGHT, IMAGE_URL, IMAGE_WIDTH, CLICKTRACKERS, LINK_URL, DATA_NULLOR_DATA_VALUE_NULL, IMG_NULLOR_IMG_URL_NULL, LINK_NULLOR_LINK_URL_NULL, TITLE_TEXT, AD_CONTENT_ID) VALUES (null, null, 627, '//tenmaximg.cacafly.net/upload/7/5/1/0/544e80a3.jpg?v=1', 1200, null, null, true, false, true, null, 3);
INSERT INTO PUBLIC.AD_CONTENT_ASSET (DATA_LABEL, DATA_VALUE, IMAGE_HEIGHT, IMAGE_URL, IMAGE_WIDTH, CLICKTRACKERS, LINK_URL, DATA_NULLOR_DATA_VALUE_NULL, IMG_NULLOR_IMG_URL_NULL, LINK_NULLOR_LINK_URL_NULL, TITLE_TEXT, AD_CONTENT_ID) VALUES (null, null, 150, '//tenmaximg.cacafly.net/upload/7/5/1/0/544e80a3_s.jpg?v=1', 287, null, null, true, false, true, null, 3);
INSERT INTO PUBLIC.AD_CONTENT_ASSET (DATA_LABEL, DATA_VALUE, IMAGE_HEIGHT, IMAGE_URL, IMAGE_WIDTH, CLICKTRACKERS, LINK_URL, DATA_NULLOR_DATA_VALUE_NULL, IMG_NULLOR_IMG_URL_NULL, LINK_NULLOR_LINK_URL_NULL, TITLE_TEXT, AD_CONTENT_ID) VALUES (null, null, 627, '//tenmaximg.cacafly.net/upload/7/5/1/0/544e80a3_icon_l.jpg?v=1', 627, null, null, true, false, true, null, 3);
INSERT INTO PUBLIC.AD_CONTENT_ASSET (DATA_LABEL, DATA_VALUE, IMAGE_HEIGHT, IMAGE_URL, IMAGE_WIDTH, CLICKTRACKERS, LINK_URL, DATA_NULLOR_DATA_VALUE_NULL, IMG_NULLOR_IMG_URL_NULL, LINK_NULLOR_LINK_URL_NULL, TITLE_TEXT, AD_CONTENT_ID) VALUES (null, null, 80, '//tenmaximg.cacafly.net/upload/7/5/1/0/544e80a3_icon_s.jpg?v=1', 80, null, null, true, false, true, null, 3);
INSERT INTO PUBLIC.AD_CONTENT_ASSET (DATA_LABEL, DATA_VALUE, IMAGE_HEIGHT, IMAGE_URL, IMAGE_WIDTH, CLICKTRACKERS, LINK_URL, DATA_NULLOR_DATA_VALUE_NULL, IMG_NULLOR_IMG_URL_NULL, LINK_NULLOR_LINK_URL_NULL, TITLE_TEXT, AD_CONTENT_ID) VALUES (null, null, 250, '//tenmaximg.cacafly.net/upload/7/5/1/0/544e80a3_icon.jpg?v=1', 250, null, null, true, false, true, null, 3);
INSERT INTO PUBLIC.AD_CONTENT_ASSET (DATA_LABEL, DATA_VALUE, IMAGE_HEIGHT, IMAGE_URL, IMAGE_WIDTH, CLICKTRACKERS, LINK_URL, DATA_NULLOR_DATA_VALUE_NULL, IMG_NULLOR_IMG_URL_NULL, LINK_NULLOR_LINK_URL_NULL, TITLE_TEXT, AD_CONTENT_ID) VALUES (null, null, 300, '//tenmaximg.cacafly.net/upload/7/5/1/0/544e80a3_m.jpg?v=1', 574, null, null, true, false, true, null, 3);
INSERT INTO PUBLIC.AD_CONTENT_ASSET (DATA_LABEL, DATA_VALUE, IMAGE_HEIGHT, IMAGE_URL, IMAGE_WIDTH, CLICKTRACKERS, LINK_URL, DATA_NULLOR_DATA_VALUE_NULL, IMG_NULLOR_IMG_URL_NULL, LINK_NULLOR_LINK_URL_NULL, TITLE_TEXT, AD_CONTENT_ID) VALUES ('ctatext', '來試試看!', null, null, null, null, null, false, true, true, null, 3);
INSERT INTO PUBLIC.AD_CONTENT_ASSET (DATA_LABEL, DATA_VALUE, IMAGE_HEIGHT, IMAGE_URL, IMAGE_WIDTH, CLICKTRACKERS, LINK_URL, DATA_NULLOR_DATA_VALUE_NULL, IMG_NULLOR_IMG_URL_NULL, LINK_NULLOR_LINK_URL_NULL, TITLE_TEXT, AD_CONTENT_ID) VALUES (null, '神秘的籤詩到底意指…', null, null, null, null, null, false, true, true, null, 4);
INSERT INTO PUBLIC.AD_CONTENT_ASSET (DATA_LABEL, DATA_VALUE, IMAGE_HEIGHT, IMAGE_URL, IMAGE_WIDTH, CLICKTRACKERS, LINK_URL, DATA_NULLOR_DATA_VALUE_NULL, IMG_NULLOR_IMG_URL_NULL, LINK_NULLOR_LINK_URL_NULL, TITLE_TEXT, AD_CONTENT_ID) VALUES (null, '統一纖果食感', null, null, null, null, 'http://sinko1203.pixnet.net/blog/post/458358902', false, true, false, null, 4);
INSERT INTO PUBLIC.AD_CONTENT_ASSET (DATA_LABEL, DATA_VALUE, IMAGE_HEIGHT, IMAGE_URL, IMAGE_WIDTH, CLICKTRACKERS, LINK_URL, DATA_NULLOR_DATA_VALUE_NULL, IMG_NULLOR_IMG_URL_NULL, LINK_NULLOR_LINK_URL_NULL, TITLE_TEXT, AD_CONTENT_ID) VALUES (null, null, 627, '//tenmaximg.cacafly.net/upload/7/6/9/0/076635c6.jpg?v=1', 1200, null, null, true, false, true, null, 4);
INSERT INTO PUBLIC.AD_CONTENT_ASSET (DATA_LABEL, DATA_VALUE, IMAGE_HEIGHT, IMAGE_URL, IMAGE_WIDTH, CLICKTRACKERS, LINK_URL, DATA_NULLOR_DATA_VALUE_NULL, IMG_NULLOR_IMG_URL_NULL, LINK_NULLOR_LINK_URL_NULL, TITLE_TEXT, AD_CONTENT_ID) VALUES (null, null, 150, '//tenmaximg.cacafly.net/upload/7/6/9/0/076635c6_s.jpg?v=1', 287, null, null, true, false, true, null, 4);
INSERT INTO PUBLIC.AD_CONTENT_ASSET (DATA_LABEL, DATA_VALUE, IMAGE_HEIGHT, IMAGE_URL, IMAGE_WIDTH, CLICKTRACKERS, LINK_URL, DATA_NULLOR_DATA_VALUE_NULL, IMG_NULLOR_IMG_URL_NULL, LINK_NULLOR_LINK_URL_NULL, TITLE_TEXT, AD_CONTENT_ID) VALUES (null, null, 627, '//tenmaximg.cacafly.net/upload/7/6/9/0/076635c6_icon_l.jpg?v=1', 627, null, null, true, false, true, null, 4);
INSERT INTO PUBLIC.AD_CONTENT_ASSET (DATA_LABEL, DATA_VALUE, IMAGE_HEIGHT, IMAGE_URL, IMAGE_WIDTH, CLICKTRACKERS, LINK_URL, DATA_NULLOR_DATA_VALUE_NULL, IMG_NULLOR_IMG_URL_NULL, LINK_NULLOR_LINK_URL_NULL, TITLE_TEXT, AD_CONTENT_ID) VALUES (null, null, 80, '//tenmaximg.cacafly.net/upload/7/6/9/0/076635c6_icon_s.jpg?v=1', 80, null, null, true, false, true, null, 4);
INSERT INTO PUBLIC.AD_CONTENT_ASSET (DATA_LABEL, DATA_VALUE, IMAGE_HEIGHT, IMAGE_URL, IMAGE_WIDTH, CLICKTRACKERS, LINK_URL, DATA_NULLOR_DATA_VALUE_NULL, IMG_NULLOR_IMG_URL_NULL, LINK_NULLOR_LINK_URL_NULL, TITLE_TEXT, AD_CONTENT_ID) VALUES (null, null, 250, '//tenmaximg.cacafly.net/upload/7/6/9/0/076635c6_icon.jpg?v=1', 250, null, null, true, false, true, null, 4);
INSERT INTO PUBLIC.AD_CONTENT_ASSET (DATA_LABEL, DATA_VALUE, IMAGE_HEIGHT, IMAGE_URL, IMAGE_WIDTH, CLICKTRACKERS, LINK_URL, DATA_NULLOR_DATA_VALUE_NULL, IMG_NULLOR_IMG_URL_NULL, LINK_NULLOR_LINK_URL_NULL, TITLE_TEXT, AD_CONTENT_ID) VALUES (null, null, 300, '//tenmaximg.cacafly.net/upload/7/6/9/0/076635c6_m.jpg?v=1', 574, null, null, true, false, true, null, 4);
INSERT INTO PUBLIC.AD_CONTENT_ASSET (DATA_LABEL, DATA_VALUE, IMAGE_HEIGHT, IMAGE_URL, IMAGE_WIDTH, CLICKTRACKERS, LINK_URL, DATA_NULLOR_DATA_VALUE_NULL, IMG_NULLOR_IMG_URL_NULL, LINK_NULLOR_LINK_URL_NULL, TITLE_TEXT, AD_CONTENT_ID) VALUES ('ctatext', '來試試看!', null, null, null, null, null, false, true, true, null, 4);
INSERT INTO PUBLIC.AD_CONTENT_ASSET (DATA_LABEL, DATA_VALUE, IMAGE_HEIGHT, IMAGE_URL, IMAGE_WIDTH, CLICKTRACKERS, LINK_URL, DATA_NULLOR_DATA_VALUE_NULL, IMG_NULLOR_IMG_URL_NULL, LINK_NULLOR_LINK_URL_NULL, TITLE_TEXT, AD_CONTENT_ID) VALUES (null, '家樂氏在這110年來陪伴美國家庭一起度過早餐時光，是日常生活中不可或缺的飲食良伴，Special K更不斷推出新的口味，你試過了嗎？', null, null, null, null, null, false, true, true, null, 5);
INSERT INTO PUBLIC.AD_CONTENT_ASSET (DATA_LABEL, DATA_VALUE, IMAGE_HEIGHT, IMAGE_URL, IMAGE_WIDTH, CLICKTRACKERS, LINK_URL, DATA_NULLOR_DATA_VALUE_NULL, IMG_NULLOR_IMG_URL_NULL, LINK_NULLOR_LINK_URL_NULL, TITLE_TEXT, AD_CONTENT_ID) VALUES (null, '家樂氏SPK', null, null, null, null, 'http://news.tvbs.com.tw/life/721352', false, true, false, null, 5);
INSERT INTO PUBLIC.AD_CONTENT_ASSET (DATA_LABEL, DATA_VALUE, IMAGE_HEIGHT, IMAGE_URL, IMAGE_WIDTH, CLICKTRACKERS, LINK_URL, DATA_NULLOR_DATA_VALUE_NULL, IMG_NULLOR_IMG_URL_NULL, LINK_NULLOR_LINK_URL_NULL, TITLE_TEXT, AD_CONTENT_ID) VALUES (null, null, 627, '//tenmaximg.cacafly.net/upload/7/6/7/3/dcbd226e.png?v=1', 1200, null, null, true, false, true, null, 5);
INSERT INTO PUBLIC.AD_CONTENT_ASSET (DATA_LABEL, DATA_VALUE, IMAGE_HEIGHT, IMAGE_URL, IMAGE_WIDTH, CLICKTRACKERS, LINK_URL, DATA_NULLOR_DATA_VALUE_NULL, IMG_NULLOR_IMG_URL_NULL, LINK_NULLOR_LINK_URL_NULL, TITLE_TEXT, AD_CONTENT_ID) VALUES (null, null, 150, '//tenmaximg.cacafly.net/upload/7/6/7/3/dcbd226e_s.png?v=1', 287, null, null, true, false, true, null, 5);
INSERT INTO PUBLIC.AD_CONTENT_ASSET (DATA_LABEL, DATA_VALUE, IMAGE_HEIGHT, IMAGE_URL, IMAGE_WIDTH, CLICKTRACKERS, LINK_URL, DATA_NULLOR_DATA_VALUE_NULL, IMG_NULLOR_IMG_URL_NULL, LINK_NULLOR_LINK_URL_NULL, TITLE_TEXT, AD_CONTENT_ID) VALUES (null, null, 627, '//tenmaximg.cacafly.net/upload/7/6/7/3/dcbd226e_icon_l.png?v=1', 627, null, null, true, false, true, null, 5);
INSERT INTO PUBLIC.AD_CONTENT_ASSET (DATA_LABEL, DATA_VALUE, IMAGE_HEIGHT, IMAGE_URL, IMAGE_WIDTH, CLICKTRACKERS, LINK_URL, DATA_NULLOR_DATA_VALUE_NULL, IMG_NULLOR_IMG_URL_NULL, LINK_NULLOR_LINK_URL_NULL, TITLE_TEXT, AD_CONTENT_ID) VALUES (null, null, 80, '//tenmaximg.cacafly.net/upload/7/6/7/3/dcbd226e_icon_s.png?v=1', 80, null, null, true, false, true, null, 5);
INSERT INTO PUBLIC.AD_CONTENT_ASSET (DATA_LABEL, DATA_VALUE, IMAGE_HEIGHT, IMAGE_URL, IMAGE_WIDTH, CLICKTRACKERS, LINK_URL, DATA_NULLOR_DATA_VALUE_NULL, IMG_NULLOR_IMG_URL_NULL, LINK_NULLOR_LINK_URL_NULL, TITLE_TEXT, AD_CONTENT_ID) VALUES (null, null, 250, '//tenmaximg.cacafly.net/upload/7/6/7/3/dcbd226e_icon.png?v=1', 250, null, null, true, false, true, null, 5);
INSERT INTO PUBLIC.AD_CONTENT_ASSET (DATA_LABEL, DATA_VALUE, IMAGE_HEIGHT, IMAGE_URL, IMAGE_WIDTH, CLICKTRACKERS, LINK_URL, DATA_NULLOR_DATA_VALUE_NULL, IMG_NULLOR_IMG_URL_NULL, LINK_NULLOR_LINK_URL_NULL, TITLE_TEXT, AD_CONTENT_ID) VALUES (null, null, 300, '//tenmaximg.cacafly.net/upload/7/6/7/3/dcbd226e_m.png?v=1', 574, null, null, true, false, true, null, 5);
INSERT INTO PUBLIC.AD_CONTENT_ASSET (DATA_LABEL, DATA_VALUE, IMAGE_HEIGHT, IMAGE_URL, IMAGE_WIDTH, CLICKTRACKERS, LINK_URL, DATA_NULLOR_DATA_VALUE_NULL, IMG_NULLOR_IMG_URL_NULL, LINK_NULLOR_LINK_URL_NULL, TITLE_TEXT, AD_CONTENT_ID) VALUES ('ctatext', '來試試看!', null, null, null, null, null, false, true, true, null, 5);
INSERT INTO PUBLIC.AD_CONTENT_ASSET (DATA_LABEL, DATA_VALUE, IMAGE_HEIGHT, IMAGE_URL, IMAGE_WIDTH, CLICKTRACKERS, LINK_URL, DATA_NULLOR_DATA_VALUE_NULL, IMG_NULLOR_IMG_URL_NULL, LINK_NULLOR_LINK_URL_NULL, TITLE_TEXT, AD_CONTENT_ID) VALUES (null, '6月16日前，觀看並分享影片至個人FB，並於YOUTUBE留言您喜歡影片的哪部分，即可獲得日本來回機票抽獎資格，每週都有一次抽獎機會，越早參加，中獎機率越高！', null, null, null, null, null, false, true, true, null, 6);
INSERT INTO PUBLIC.AD_CONTENT_ASSET (DATA_LABEL, DATA_VALUE, IMAGE_HEIGHT, IMAGE_URL, IMAGE_WIDTH, CLICKTRACKERS, LINK_URL, DATA_NULLOR_DATA_VALUE_NULL, IMG_NULLOR_IMG_URL_NULL, LINK_NULLOR_LINK_URL_NULL, TITLE_TEXT, AD_CONTENT_ID) VALUES (null, '和泰汽車', null, null, null, null, 'https://www.youtube.com/watch?v=EydiT0rAarM&t=200s', false, true, false, null, 6);
INSERT INTO PUBLIC.AD_CONTENT_ASSET (DATA_LABEL, DATA_VALUE, IMAGE_HEIGHT, IMAGE_URL, IMAGE_WIDTH, CLICKTRACKERS, LINK_URL, DATA_NULLOR_DATA_VALUE_NULL, IMG_NULLOR_IMG_URL_NULL, LINK_NULLOR_LINK_URL_NULL, TITLE_TEXT, AD_CONTENT_ID) VALUES (null, null, 627, '//tenmaximg.cacafly.net/upload/7/5/9/2/df6aab05.jpg?v=1', 1200, null, null, true, false, true, null, 6);
INSERT INTO PUBLIC.AD_CONTENT_ASSET (DATA_LABEL, DATA_VALUE, IMAGE_HEIGHT, IMAGE_URL, IMAGE_WIDTH, CLICKTRACKERS, LINK_URL, DATA_NULLOR_DATA_VALUE_NULL, IMG_NULLOR_IMG_URL_NULL, LINK_NULLOR_LINK_URL_NULL, TITLE_TEXT, AD_CONTENT_ID) VALUES (null, null, 150, '//tenmaximg.cacafly.net/upload/7/5/9/2/df6aab05_s.jpg?v=1', 287, null, null, true, false, true, null, 6);
INSERT INTO PUBLIC.AD_CONTENT_ASSET (DATA_LABEL, DATA_VALUE, IMAGE_HEIGHT, IMAGE_URL, IMAGE_WIDTH, CLICKTRACKERS, LINK_URL, DATA_NULLOR_DATA_VALUE_NULL, IMG_NULLOR_IMG_URL_NULL, LINK_NULLOR_LINK_URL_NULL, TITLE_TEXT, AD_CONTENT_ID) VALUES (null, null, 627, '//tenmaximg.cacafly.net/upload/7/5/9/2/df6aab05_icon_l.jpg?v=1', 627, null, null, true, false, true, null, 6);
INSERT INTO PUBLIC.AD_CONTENT_ASSET (DATA_LABEL, DATA_VALUE, IMAGE_HEIGHT, IMAGE_URL, IMAGE_WIDTH, CLICKTRACKERS, LINK_URL, DATA_NULLOR_DATA_VALUE_NULL, IMG_NULLOR_IMG_URL_NULL, LINK_NULLOR_LINK_URL_NULL, TITLE_TEXT, AD_CONTENT_ID) VALUES (null, null, 80, '//tenmaximg.cacafly.net/upload/7/5/9/2/df6aab05_icon_s.jpg?v=1', 80, null, null, true, false, true, null, 6);
INSERT INTO PUBLIC.AD_CONTENT_ASSET (DATA_LABEL, DATA_VALUE, IMAGE_HEIGHT, IMAGE_URL, IMAGE_WIDTH, CLICKTRACKERS, LINK_URL, DATA_NULLOR_DATA_VALUE_NULL, IMG_NULLOR_IMG_URL_NULL, LINK_NULLOR_LINK_URL_NULL, TITLE_TEXT, AD_CONTENT_ID) VALUES (null, null, 250, '//tenmaximg.cacafly.net/upload/7/5/9/2/df6aab05_icon.jpg?v=1', 250, null, null, true, false, true, null, 6);
INSERT INTO PUBLIC.AD_CONTENT_ASSET (DATA_LABEL, DATA_VALUE, IMAGE_HEIGHT, IMAGE_URL, IMAGE_WIDTH, CLICKTRACKERS, LINK_URL, DATA_NULLOR_DATA_VALUE_NULL, IMG_NULLOR_IMG_URL_NULL, LINK_NULLOR_LINK_URL_NULL, TITLE_TEXT, AD_CONTENT_ID) VALUES (null, null, 300, '//tenmaximg.cacafly.net/upload/7/5/9/2/df6aab05_m.jpg?v=1', 574, null, null, true, false, true, null, 6);
INSERT INTO PUBLIC.AD_CONTENT_ASSET (DATA_LABEL, DATA_VALUE, IMAGE_HEIGHT, IMAGE_URL, IMAGE_WIDTH, CLICKTRACKERS, LINK_URL, DATA_NULLOR_DATA_VALUE_NULL, IMG_NULLOR_IMG_URL_NULL, LINK_NULLOR_LINK_URL_NULL, TITLE_TEXT, AD_CONTENT_ID) VALUES ('ctatext', '來試試看!', null, null, null, null, null, false, true, true, null, 6);
INSERT INTO PUBLIC.AD_CONTENT_ASSET (DATA_LABEL, DATA_VALUE, IMAGE_HEIGHT, IMAGE_URL, IMAGE_WIDTH, CLICKTRACKERS, LINK_URL, DATA_NULLOR_DATA_VALUE_NULL, IMG_NULLOR_IMG_URL_NULL, LINK_NULLOR_LINK_URL_NULL, TITLE_TEXT, AD_CONTENT_ID) VALUES (null, '台灣虎航三箭齊發，台北、台中、高雄天天直飛澳門，4/26-4/29 23:59限時搶票，2人8折起，快到澳門歡樂過暑假，請上台灣虎航官網。', null, null, null, null, null, false, true, true, null, 7);
INSERT INTO PUBLIC.AD_CONTENT_ASSET (DATA_LABEL, DATA_VALUE, IMAGE_HEIGHT, IMAGE_URL, IMAGE_WIDTH, CLICKTRACKERS, LINK_URL, DATA_NULLOR_DATA_VALUE_NULL, IMG_NULLOR_IMG_URL_NULL, LINK_NULLOR_LINK_URL_NULL, TITLE_TEXT, AD_CONTENT_ID) VALUES (null, '台灣虎航&澳旅局', null, null, null, null, 'http://event.7to.com.tw/17tigermc2/', false, true, false, null, 7);
INSERT INTO PUBLIC.AD_CONTENT_ASSET (DATA_LABEL, DATA_VALUE, IMAGE_HEIGHT, IMAGE_URL, IMAGE_WIDTH, CLICKTRACKERS, LINK_URL, DATA_NULLOR_DATA_VALUE_NULL, IMG_NULLOR_IMG_URL_NULL, LINK_NULLOR_LINK_URL_NULL, TITLE_TEXT, AD_CONTENT_ID) VALUES (null, null, 627, '//tenmaximg.cacafly.net/upload/7/7/1/2/2a79d443.jpg?v=1', 1200, null, null, true, false, true, null, 7);
INSERT INTO PUBLIC.AD_CONTENT_ASSET (DATA_LABEL, DATA_VALUE, IMAGE_HEIGHT, IMAGE_URL, IMAGE_WIDTH, CLICKTRACKERS, LINK_URL, DATA_NULLOR_DATA_VALUE_NULL, IMG_NULLOR_IMG_URL_NULL, LINK_NULLOR_LINK_URL_NULL, TITLE_TEXT, AD_CONTENT_ID) VALUES (null, null, 150, '//tenmaximg.cacafly.net/upload/7/7/1/2/2a79d443_s.jpg?v=1', 287, null, null, true, false, true, null, 7);
INSERT INTO PUBLIC.AD_CONTENT_ASSET (DATA_LABEL, DATA_VALUE, IMAGE_HEIGHT, IMAGE_URL, IMAGE_WIDTH, CLICKTRACKERS, LINK_URL, DATA_NULLOR_DATA_VALUE_NULL, IMG_NULLOR_IMG_URL_NULL, LINK_NULLOR_LINK_URL_NULL, TITLE_TEXT, AD_CONTENT_ID) VALUES (null, null, 627, '//tenmaximg.cacafly.net/upload/7/7/1/2/2a79d443_icon_l.jpg?v=1', 627, null, null, true, false, true, null, 7);
INSERT INTO PUBLIC.AD_CONTENT_ASSET (DATA_LABEL, DATA_VALUE, IMAGE_HEIGHT, IMAGE_URL, IMAGE_WIDTH, CLICKTRACKERS, LINK_URL, DATA_NULLOR_DATA_VALUE_NULL, IMG_NULLOR_IMG_URL_NULL, LINK_NULLOR_LINK_URL_NULL, TITLE_TEXT, AD_CONTENT_ID) VALUES (null, null, 80, '//tenmaximg.cacafly.net/upload/7/7/1/2/2a79d443_icon_s.jpg?v=1', 80, null, null, true, false, true, null, 7);
INSERT INTO PUBLIC.AD_CONTENT_ASSET (DATA_LABEL, DATA_VALUE, IMAGE_HEIGHT, IMAGE_URL, IMAGE_WIDTH, CLICKTRACKERS, LINK_URL, DATA_NULLOR_DATA_VALUE_NULL, IMG_NULLOR_IMG_URL_NULL, LINK_NULLOR_LINK_URL_NULL, TITLE_TEXT, AD_CONTENT_ID) VALUES (null, null, 250, '//tenmaximg.cacafly.net/upload/7/7/1/2/2a79d443_icon.jpg?v=1', 250, null, null, true, false, true, null, 7);
INSERT INTO PUBLIC.AD_CONTENT_ASSET (DATA_LABEL, DATA_VALUE, IMAGE_HEIGHT, IMAGE_URL, IMAGE_WIDTH, CLICKTRACKERS, LINK_URL, DATA_NULLOR_DATA_VALUE_NULL, IMG_NULLOR_IMG_URL_NULL, LINK_NULLOR_LINK_URL_NULL, TITLE_TEXT, AD_CONTENT_ID) VALUES (null, null, 300, '//tenmaximg.cacafly.net/upload/7/7/1/2/2a79d443_m.jpg?v=1', 574, null, null, true, false, true, null, 7);
INSERT INTO PUBLIC.AD_CONTENT_ASSET (DATA_LABEL, DATA_VALUE, IMAGE_HEIGHT, IMAGE_URL, IMAGE_WIDTH, CLICKTRACKERS, LINK_URL, DATA_NULLOR_DATA_VALUE_NULL, IMG_NULLOR_IMG_URL_NULL, LINK_NULLOR_LINK_URL_NULL, TITLE_TEXT, AD_CONTENT_ID) VALUES ('ctatext', '來試試看!', null, null, null, null, null, false, true, true, null, 7);

INSERT INTO PUBLIC.AD_CONTENT_IMPRESSION_URL (AD_CONTENT_ID, IMPRESSION_URL) VALUES (1, '//rtb-asiamax.tenmax.io/bid/impreWithPrice/1493219030899/8e870f90-2a91-11e7-a179-b11ae6f0b6dd/5277/7683/bd4b9b7903cf40ce/xlKZgLTj/?optInfo=xlKYhsssanNIeGQ');
INSERT INTO PUBLIC.AD_CONTENT_IMPRESSION_URL (AD_CONTENT_ID, IMPRESSION_URL) VALUES (1, '//ssp.tenmax.io/auction/winner/tracking/pixel?b=8e870f90-2a91-11e7-a179-b11ae6f0b6dd&sid=55ba76bca772421f&i=0&id=db0efe1b-8522-45f8-a460-86bf42e3e3b8');
INSERT INTO PUBLIC.AD_CONTENT_IMPRESSION_URL (AD_CONTENT_ID, IMPRESSION_URL) VALUES (1, '//ssp.tenmax.io/supply/tracking/pixel?s=8e870f90-2a91-11e7-a179-b11ae6f0b6dd&r=55ba76bca772421f');
INSERT INTO PUBLIC.AD_CONTENT_IMPRESSION_URL (AD_CONTENT_ID, IMPRESSION_URL) VALUES (2, '//rtb-asiamax.tenmax.io/bid/impreWithPrice/1493219033645/903a3dd0-2a91-11e7-a179-b11ae6f0b6dd/5277/7685/bd4b9b7903cf40ce/xlKZgLFk/?optInfo=xlKYhsssanNIeGQ');
INSERT INTO PUBLIC.AD_CONTENT_IMPRESSION_URL (AD_CONTENT_ID, IMPRESSION_URL) VALUES (2, '//ssp.tenmax.io/auction/winner/tracking/pixel?b=903a3dd0-2a91-11e7-a179-b11ae6f0b6dd&sid=55ba76bca772421f&i=0&id=db0efe1b-8522-45f8-a460-86bf42e3e3b8');
INSERT INTO PUBLIC.AD_CONTENT_IMPRESSION_URL (AD_CONTENT_ID, IMPRESSION_URL) VALUES (2, '//ssp.tenmax.io/supply/tracking/pixel?s=903a3dd0-2a91-11e7-a179-b11ae6f0b6dd&r=55ba76bca772421f');
INSERT INTO PUBLIC.AD_CONTENT_IMPRESSION_URL (AD_CONTENT_ID, IMPRESSION_URL) VALUES (3, '//rtb-asiamax.tenmax.io/bid/impreWithPrice/1493219042178/954fa9e0-2a91-11e7-a179-b11ae6f0b6dd/5169/7510/bd4b9b7903cf40ce/xlKZgLTh/?optInfo=xlKYhYUH-M5t2w');
INSERT INTO PUBLIC.AD_CONTENT_IMPRESSION_URL (AD_CONTENT_ID, IMPRESSION_URL) VALUES (3, '//ssp.tenmax.io/auction/winner/tracking/pixel?b=954fa9e0-2a91-11e7-a179-b11ae6f0b6dd&sid=55ba76bca772421f&i=0&id=db0efe1b-8522-45f8-a460-86bf42e3e3b8');
INSERT INTO PUBLIC.AD_CONTENT_IMPRESSION_URL (AD_CONTENT_ID, IMPRESSION_URL) VALUES (3, '//ssp.tenmax.io/supply/tracking/pixel?s=954fa9e0-2a91-11e7-a179-b11ae6f0b6dd&r=55ba76bca772421f');
INSERT INTO PUBLIC.AD_CONTENT_IMPRESSION_URL (AD_CONTENT_ID, IMPRESSION_URL) VALUES (4, '//rtb-asiamax.tenmax.io/bid/impreWithPrice/1493219045831/977e22a0-2a91-11e7-a179-b11ae6f0b6dd/5278/7690/bd4b9b7903cf40ce/xlKZgQ6i/?optInfo=xlKYhYPaOTz4');
INSERT INTO PUBLIC.AD_CONTENT_IMPRESSION_URL (AD_CONTENT_ID, IMPRESSION_URL) VALUES (4, '//ssp.tenmax.io/auction/winner/tracking/pixel?b=977e22a0-2a91-11e7-a179-b11ae6f0b6dd&sid=55ba76bca772421f&i=0&id=db0efe1b-8522-45f8-a460-86bf42e3e3b8');
INSERT INTO PUBLIC.AD_CONTENT_IMPRESSION_URL (AD_CONTENT_ID, IMPRESSION_URL) VALUES (4, '//ssp.tenmax.io/supply/tracking/pixel?s=977e22a0-2a91-11e7-a179-b11ae6f0b6dd&r=55ba76bca772421f');
INSERT INTO PUBLIC.AD_CONTENT_IMPRESSION_URL (AD_CONTENT_ID, IMPRESSION_URL) VALUES (5, '//rtb-asiamax.tenmax.io/bid/impreWithPrice/1493219046085/97a3fa21-2a91-11e7-a179-b11ae6f0b6dd/5273/7673/bd4b9b7903cf40ce/xlKZgLDl/?optInfo=xlKYg0A6C3ru_w');
INSERT INTO PUBLIC.AD_CONTENT_IMPRESSION_URL (AD_CONTENT_ID, IMPRESSION_URL) VALUES (5, '//ssp.tenmax.io/auction/winner/tracking/pixel?b=97a3fa21-2a91-11e7-a179-b11ae6f0b6dd&sid=55ba76bca772421f&i=0&id=db0efe1b-8522-45f8-a460-86bf42e3e3b8');
INSERT INTO PUBLIC.AD_CONTENT_IMPRESSION_URL (AD_CONTENT_ID, IMPRESSION_URL) VALUES (5, '//ssp.tenmax.io/supply/tracking/pixel?s=97a3fa21-2a91-11e7-a179-b11ae6f0b6dd&r=55ba76bca772421f');
INSERT INTO PUBLIC.AD_CONTENT_IMPRESSION_URL (AD_CONTENT_ID, IMPRESSION_URL) VALUES (6, '//rtb-asiamax.tenmax.io/bid/impreWithPrice/1493219048079/98d463d0-2a91-11e7-a179-b11ae6f0b6dd/5239/7592/bd4b9b7903cf40ce/xlKZgzw-/?optInfo=xlKYg0LvFmbd-Q');
INSERT INTO PUBLIC.AD_CONTENT_IMPRESSION_URL (AD_CONTENT_ID, IMPRESSION_URL) VALUES (6, '//ssp.tenmax.io/auction/winner/tracking/pixel?b=98d463d0-2a91-11e7-a179-b11ae6f0b6dd&sid=55ba76bca772421f&i=0&id=db0efe1b-8522-45f8-a460-86bf42e3e3b8');
INSERT INTO PUBLIC.AD_CONTENT_IMPRESSION_URL (AD_CONTENT_ID, IMPRESSION_URL) VALUES (6, '//ssp.tenmax.io/supply/tracking/pixel?s=98d463d0-2a91-11e7-a179-b11ae6f0b6dd&r=55ba76bca772421f');
INSERT INTO PUBLIC.AD_CONTENT_IMPRESSION_URL (AD_CONTENT_ID, IMPRESSION_URL) VALUES (7, '//rtb-asiamax.tenmax.io/bid/impreWithPrice/1493219060397/a02c6ce0-2a91-11e7-a179-b11ae6f0b6dd/5290/7712/bd4b9b7903cf40ce/xlKZgL_3/?optInfo=xlKYg0A6C3ru_w');
INSERT INTO PUBLIC.AD_CONTENT_IMPRESSION_URL (AD_CONTENT_ID, IMPRESSION_URL) VALUES (7, '//ssp.tenmax.io/auction/winner/tracking/pixel?b=a02c6ce0-2a91-11e7-a179-b11ae6f0b6dd&sid=55ba76bca772421f&i=0&id=db0efe1b-8522-45f8-a460-86bf42e3e3b8');
INSERT INTO PUBLIC.AD_CONTENT_IMPRESSION_URL (AD_CONTENT_ID, IMPRESSION_URL) VALUES (7, '//ssp.tenmax.io/supply/tracking/pixel?s=a02c6ce0-2a91-11e7-a179-b11ae6f0b6dd&r=55ba76bca772421f');

INSERT INTO PUBLIC.AD_CONTENT_VIEW_URL (AD_CONTENT_ID, VIEW_URL) VALUES (1, '//rtb-asiamax.tenmax.io/bid/viewable/1493219030899/8e870f90-2a91-11e7-a179-b11ae6f0b6dd/5277/7683/bd4b9b7903cf40ce/');
INSERT INTO PUBLIC.AD_CONTENT_VIEW_URL (AD_CONTENT_ID, VIEW_URL) VALUES (1, 'https://ssp.tenmax.io/auction/winner/tracking/viewed/0/0/8e870f90-2a91-11e7-a179-b11ae6f0b6dd');
INSERT INTO PUBLIC.AD_CONTENT_VIEW_URL (AD_CONTENT_ID, VIEW_URL) VALUES (2, '//rtb-asiamax.tenmax.io/bid/viewable/1493219033645/903a3dd0-2a91-11e7-a179-b11ae6f0b6dd/5277/7685/bd4b9b7903cf40ce/');
INSERT INTO PUBLIC.AD_CONTENT_VIEW_URL (AD_CONTENT_ID, VIEW_URL) VALUES (2, 'https://ssp.tenmax.io/auction/winner/tracking/viewed/0/0/903a3dd0-2a91-11e7-a179-b11ae6f0b6dd');
INSERT INTO PUBLIC.AD_CONTENT_VIEW_URL (AD_CONTENT_ID, VIEW_URL) VALUES (3, '//rtb-asiamax.tenmax.io/bid/viewable/1493219042178/954fa9e0-2a91-11e7-a179-b11ae6f0b6dd/5169/7510/bd4b9b7903cf40ce/');
INSERT INTO PUBLIC.AD_CONTENT_VIEW_URL (AD_CONTENT_ID, VIEW_URL) VALUES (3, 'https://ssp.tenmax.io/auction/winner/tracking/viewed/0/0/954fa9e0-2a91-11e7-a179-b11ae6f0b6dd');
INSERT INTO PUBLIC.AD_CONTENT_VIEW_URL (AD_CONTENT_ID, VIEW_URL) VALUES (4, '//rtb-asiamax.tenmax.io/bid/viewable/1493219045831/977e22a0-2a91-11e7-a179-b11ae6f0b6dd/5278/7690/bd4b9b7903cf40ce/');
INSERT INTO PUBLIC.AD_CONTENT_VIEW_URL (AD_CONTENT_ID, VIEW_URL) VALUES (4, 'https://ssp.tenmax.io/auction/winner/tracking/viewed/0/0/977e22a0-2a91-11e7-a179-b11ae6f0b6dd');
INSERT INTO PUBLIC.AD_CONTENT_VIEW_URL (AD_CONTENT_ID, VIEW_URL) VALUES (5, '//rtb-asiamax.tenmax.io/bid/viewable/1493219046085/97a3fa21-2a91-11e7-a179-b11ae6f0b6dd/5273/7673/bd4b9b7903cf40ce/');
INSERT INTO PUBLIC.AD_CONTENT_VIEW_URL (AD_CONTENT_ID, VIEW_URL) VALUES (5, 'https://ssp.tenmax.io/auction/winner/tracking/viewed/0/0/97a3fa21-2a91-11e7-a179-b11ae6f0b6dd');
INSERT INTO PUBLIC.AD_CONTENT_VIEW_URL (AD_CONTENT_ID, VIEW_URL) VALUES (6, '//rtb-asiamax.tenmax.io/bid/viewable/1493219048080/98d463d0-2a91-11e7-a179-b11ae6f0b6dd/5239/7592/bd4b9b7903cf40ce/');
INSERT INTO PUBLIC.AD_CONTENT_VIEW_URL (AD_CONTENT_ID, VIEW_URL) VALUES (6, 'https://ssp.tenmax.io/auction/winner/tracking/viewed/0/0/98d463d0-2a91-11e7-a179-b11ae6f0b6dd');
INSERT INTO PUBLIC.AD_CONTENT_VIEW_URL (AD_CONTENT_ID, VIEW_URL) VALUES (7, '//rtb-asiamax.tenmax.io/bid/viewable/1493219060397/a02c6ce0-2a91-11e7-a179-b11ae6f0b6dd/5290/7712/bd4b9b7903cf40ce/');
INSERT INTO PUBLIC.AD_CONTENT_VIEW_URL (AD_CONTENT_ID, VIEW_URL) VALUES (7, 'https://ssp.tenmax.io/auction/winner/tracking/viewed/0/0/a02c6ce0-2a91-11e7-a179-b11ae6f0b6dd');